track_id,Year
1iJBSr7s7jYXzM8EGcbK5b,2021
6lfxq3CG4xtTiEg7opyCyx,2017
5vjLSffimiIP26QG5WcN2K,2017
01MVOl9KtVTNfFiBU9I7dc,2018
6Vc5wAMmXdKIAM7WUoEb7N,2018
1EzrEOXmMH3G43AXT1y7pA,2010
4mzP5mHkRvGxdhdGdAH7EJ,2021
5ivF4eQBqJiVL5IAE9jRyl,2012
0X9MxHR1rTkEHDjp95F2OO,2018
1KHdq8NK9QxnGjdXb55NiG,2009
6CgNoAbFJ4Q4Id4EjtbXlC,2014
3S0OXQeoh0w6AY8WQVckRW,2009
210JCw2LbYD4YIs8GiZ9iP,2014
5TvE3pk05pyFIGdSY9j4DJ,2018
0BUuuEvNa5T4lMaewyiudB,2012
3Hn3LfhrQOaKihdCibJsTs,2018
0dzKBptH2P5j5a0MifBMwM,2008
1m5LC29RE52Bxy7hxvpOlL,2016
3H36x7buZdQD4687VmFrwY,2023
0xbMRcMFqxJq1Wa7tvWPtn,2023
6h061f44HZPj1OXO2nA45d,2023
62EwQLDw0dprDzuLwQ0sH1,2022
3lvo0I8c2qBJDLZWqExDgC,2022
1ae8XfBQ3fDEvmBjFaemGV,2022
0adVktNVJXPZfhQe6B1NO5,2022
1WFVfVjCtbmdIv7j3Fa9iy,2022
2DHDuADAHoUW6n0z80RLQF,2014
5JDcQAztvZTIkrWoZihgvC,2010
6xJOhSm4SvZwzy3uhWz26O,2016
7lLKxcNeJtDTWVRKHovLEC,2015
4oa14QBfWRDfJy2agySy0L,2013
2gRKq9rIC5i1zuxp06zJWH,2021
08MFgEQeVLF37EyZ7jcwLc,2021
6nXIYClvJAfi6ujLiKqEq8,2011
7x4b0UccXSKBWxWmjcrG2T,2015
6owKuyHxUqidcAA6fPKSyy,2011
0wbmIfvndFV9VDvuUY1pYN,2019
3e5yu9MkIvQx17mm7LF6KY,2016
6VwAh8Z1d5YKoSWoEaV4db,2015
2D4BSm5Z8Hq5zYbSgJwEOh,2015
16dkWKIlBsfYTISCVuDs0w,2009
3TwtrR1yNLY1PMPsrGQpOp,2002
3Et4LKZLnXygPYfNdeB3D3,2018
2E9viCx0hJKNKNThd2MdGQ,2019
0Zf1BPkkFAWGtVHeBwHHz4,2016
38jy6kRlPt8z1GUS9WXeNh,2012
2SkJKMfjpYsNv0KWOxiegX,2015
4qCbMMMuEB56kHd4zPE6GD,2006
11TK5KLtLZUdKr1C549bAw,2014
7BXW1QCg56yzEBV8pW8pah,2022
2kMrCPZ0o5gErBPLCRgoli,2015
5IjTZ1g8KrIuV97N3OQZ0V,2015
0wf17wsLRwnnfh241GkeH5,2013
3322ArxAq7wCSZI4fF77Q0,2013
4LGF2tDg3878bs0mQPByZ4,2008
6Uy6K3KdmUdAfelUp0SeXn,2014
2z2JKNU24UEngb4joR9p8f,2022
2nef44o0sjJDKB1ta4S0ub,2009
0qJGlogD7AyMLAJfQ42aI2,2013
04JS6OitE9VGsIS3S94Osg,2021
5OGpsZeJRZ3t3MZioawcZW,2021
3Vnes7v746dYzBn0FJTZ1W,2009
30cYWLpVdBZVLb1cYdmcTT,2021
7sUqJ51FGSi3n7x4pYjY3v,2021
15BFn2VmEtonsXfNL1lUmy,2021
0WOFJR54wyTwLB11jcBDb1,2021
1uDCw6LVMOmbZ6zRliNcNX,2021
7DYsBLdOqz0z14tYWMt2Tn,2007
7cPuE0M35EajWPRO3nRcH8,2007
3us8sod4dLbM9FiMiPiEY8,2015
1PR5pyPiOEEQ02oJYq402x,2011
068qo0w1Ki0cjnFYOUhAm2,2008
2RFt6ZWQbr9mPhsft9u9eX,2020
4qTHoIp62ngNDpUJwW3hZ7,2020
4VbDTk82rqWqVgoQC93CkC,2018
2WZyfujzMweFLnozyUJBkW,2007
5pq4v03P5PxMcnCagg4S3Z,2018
65VhbQdqvozUntjnlFkFbZ,2018
05pKAafT85jeeNhZ6kq7HT,2015
3PG6V5yuFfo4APiovOQoRv,2020
5QAMZTM5cmLg3fHX9ZbTZi,2018
2qESE1ZeWly7I3YjyTXmXh,2018
3EQV1ZHtHvq9OnVRYIdbg3,2018
3ax0rfGb7exLtl02LL08U9,2018
6ta5yavnnEfCE4faU0jebM,2007
5ZhaKUsY68U0lgREFWfoxg,2011
2lxBZVbkiCXC1soks2RXwV,2018
72R0X0h8YaxYNpegeoOl0M,2011
6R6ux6KaKrhAg2EIB2krdU,2016
2D9w6sabdMCLSheW5aegwO,2014
1Qo3taHLFSQpzLm5Sty7M4,2003
71M4QMn8nrok1KFVXwEEyU,2006
2PIlBukQ6limukVR8Ubb5o,2013
5p9XWUdvbUzmPCukOmwoU3,2007
1uSuY2qLCbx1QB7oPUVhFG,2002
6twvFrIoIINH8UW8EB8OnU,2002
2pelUnMKr07JjJpilj9Yew,2002
73CbJykoV6WapWGfTeRzTl,2006
3ixLIO5BsTmic0Pp27FaPY,2014
5ZetMq21bMQN5oo4TtdOxu,2007
73oHkllHIT8fdbzpxiXW40,2014
4MihgVRpD82EZoT61GW63w,2002
14vExHBkh1prEAN94wZug8,2002
34dnNAUoIPcwnK0RtVMBWZ,2013
5aDpULK8MbJmHl42kR5KNI,2007
0gVbkmFqq5fIkXtJJ3UTfM,2022
00DuOxungwHwVUX2m37P0P,2020
2lFlveK1y13WWp3vnQtrr3,2004
2WD93lsfJonaKtrQtpLB2R,2021
7njTGO45SkaBTNu35t2Yq0,2019
6ivkBaxvclVhwZDE2uwldj,2010
03yc0G2OoH1Eeyu7Piy8fK,2009
78TKtlSLWK8pZAKKW3MyQL,2018
1esE8j1nVyzEQ5rVhYXoJT,2019
4E6cwWJWZw2zWf7VFbH7wf,2011
2LC523tbEPFpc1pnikbt5b,2003
3ISLwA96mtx13Wx7K1PPPk,2020
6ql0ffq6Jvyh9OKqrJCMaP,2016
1EyvonxK8OGHRV4WDRdArc,2019
0EKBV6GybPtALXUgWqWrym,2006
5oV8bZaShr2d01FFMHBUPq,2017
04qDUASuSfVp6fktfsxVej,2017
3g61xRaqII8q1wlQDzv550,2017
3dglCYsVMjPbDlU2CC9Vq7,2022
3NCg46FWgnANZc9HQHQOQR,2011
0muntSMuAZzcwYBBMZj6sf,2015
4bXoVtbp6fN8FaSQvGQB41,2017
2Dzhwe90lhHXVU6lk7Nx0H,2019
12niARgkwxGsklcEwh6GlG,2019
0v0pc1lIt5p6EBX7pnfOGF,2011
5wQci5VCUjdbKnRD61XYwu,2016
4VoJCUgNmnqG2qF0peDBkw,1999
7xLhousIHDxoGgeJNhO4Ye,2016
6NSlOEEtWlqvEFrjQsry77,2026
1HqVCK9h4LiJ61aRrrKTAt,2019
0wP19iM8ULJyV0r0LFDsDv,1987
27Fq4XyOkogdGLcfsVdjFb,2019
3akr0ZrJxLMBLIFeNNKffW,2025
7BRwh1bemr9rFMDeTbcy5S,2017
4vAnqYqm1DOo5IDVcxORX3,2020
2X5AFygz5SDYlXagyPw8kX,2021
13GvSZgg9LOs3M9uGbWsPE,2016
4cR4nao0hqqBtklQmGVqbe,2015
4x7AdVDV9IFWp8pg4LMz90,2017
5eNYumDY5PCXtKKJ0SWg2r,2011
6dwkFmLUz6hx2CZG2EqLol,2007
7aohwSiTDju51QmC54AUba,2009
5MrgVJzR1du1gz8XWe4m28,2009
5auMzVHFr5Zfw6IbKarZ56,2005
63bmIgH9sS6sX5Sc7MetGq,2021
3ZjSJv88euP3CdvTg07dZL,2018
5pEmeoMUW38w1oU3kPelvR,2021
1dcNEEtODRVZEevQ20Cgmy,2020
6huS9u0BDfeQHq0lObNLPl,2020
6kRZfOZSuoi0Htg6gROKDz,2018
5e9DrLUUZraUE7mmniufjn,2021
33JX2be3eKVhl5xk8YQhVc,2005
2XDxQ3VzovLzh60zgOaNEi,2019
0J4sK2VO75cRSVoj0FokQn,2015
1U1GtaJeYwGsPgqV9Me5bb,2006
34p2uL1CvmaHn3uLfOKt8d,2016
2EKxmYmUdAVXlaHCnnW13o,2014
7K36drJq6lInkW6Kkojucp,2014
4PuUa8e5s7P3Zv1IdCGIsa,2018
72SPsHheqN6J3sI520jT9E,2005
52J3WARiRHMtXbFXUWrVgu,2020
3M6NL7PxIDZ3ArfPrBUTUP,2020
7jJH8F3PHlNvxfqEAAfFDl,2014
6JNEDSev5Tp5VQR04SEBfV,2010
1gRa1tyGV1GY60QgU5DkQH,2010
5DUAKXpyv3nL50PnAQbPS0,2012
6OCsvPU6P84wJ0erggCRv4,2010
7qJtNgmUyzy3R86vJwk9Wp,2010
5MYPzdIWgx3pMLRGlq2fVq,2022
2Qw1KFrJ1q6qHXxWGh51kC,2013
71ehTADpxs85ULrZgSEKCy,2008
1nFJAKHt0jgzVogbNJT3Zz,2019
1RZkqIEM5aV000fKgz9J46,2019
6G8xunNOicxhPPq9sG2raG,2020
1uxm47Qn1JhUWZHQfcY6w1,2024
5mdjfBsyzl78NQI4sI4IzR,2013
7mQmu0JSoEyYU763IJXhIA,2020
08feveJTNL1OMLSrdoHQ6Q,2010
4ngv7whSPSAwD8ZP3zMHsd,2016
4yRlTvPVfEyhXfp6GZurq9,2015
38ssTLOvoZyL4CLa4ImDG9,2020
5sdliaZjk3rVGuT13UVhxn,2020
2Dz5WpEWA0vhnMmEPYiZ2y,2009
5w8Cu20Yt1ZNQuVdcafTYC,2018
1FHCU1rDAeaPsBW9byjJ0Q,2014
0Kt5AHOpQAkEsHAuPeB0le,2017
07m8PuXxxv5J4qPEDq6ZkK,2016
1YjMWOorkBaP4MdKkKtp4y,2007
0KF5nzdiqZlxVK68MPITst,2015
2fSIF8CJhoc9CJhF9vJDXp,2006
5sVyefkGgQeYCgnqr4KslQ,2019
1MGIxsVtqK2npdPmI8Dj0D,2019
4M4suTUnAYZocl09XEKBZN,2006
4j0xGuo8Z47wfBiVunT6VR,2019
33SH8ZC36EzoRstHbaFE72,2009
0dnRlO7IDzbN9ixVld7hz6,2005
1XW1lKfocLOAUdp8rUQoNC,2019
0c99BUd87HQfzgUUQqRyds,2018
7JRJOLKHz88pR0YS4pVCao,2008
3JKLrIrHpbHtDU1oeYtbYD,2020
2CsHDQ1WFLQBBpIEuLcL3z,2021
2UJy2HHo4afrQbI5FizxLM,2015
7HSk4yGZxfjOkHyOvZrBQZ,2008
5P6ZBMWS66FVo6deJaDdHy,2013
55RMhrPQYA6vLu5YMgXxFD,2021
2fPb58e6f8KxejYDCaARwS,2018
4NxUuupOGPquDhy1yFIZK3,2016
0avtLG17MT8kDf9xc67Niv,2007
6jI7y83WjuyBne9b3IvdSs,2012
0ngtyvPUKR4YTtkVKvZP02,2009
6DwgZO7AMYelPFwr8WPhpg,2014
5X3w2MfxgMTZkn2mTPQs0u,2018
5PCwedwyeLZQ6xAUIKbwos,2017
0ifc4mq2mVNefgQFmtXQpt,2014
2gJ3ZOaiWr3jGHwevufOxr,2006
22KbVMZekQbkrHGrubQTpQ,2013
3XFhSbm8EdZD6Cjrm1dNJQ,2019
3nImoHhXBOqYcdTN8gt9eE,2011
0B3g35bVxJ42Y0W0I5WBIU,2011
1igSa6QILI1jyE970ZMYW1,2011
5Z8O4RFAmjA13jrOYIgyXA,2021
1ABd3bWsG4FCKePjXeVfJG,2012
3IORLAm07yxo4T7B8cRET3,2020
4sAX65hbNtEC1lceCdGuMt,2017
6Xrq1dAFgZcSi5HuuHe27i,2019
2TRXV6DoQLjdRrBR6ED6NP,2015
5L4G3nwKkd4wykW4BV9sVe,2009
2KhS0LVOw9ralhfbcIi7vL,2008
3mDvi0k4LuCA7ViLf3Qb3O,2007
5D6xoqZwDoqRO5V9rNgxFO,2020
09t3kwndNebf3RV8DZ5pw3,2014
5LHruF9uFyPxGpimaknrU8,2017
3SxMBVdL2gxhX5V5dXF9jy,2019
6XCPQygbj33s7OUxlbo6bX,2014
3SBzDgdTwHOMSik82ZI6L2,2009
2hSag78vkaBXqpaDF3serw,2020
3wpZTp7HM8Dv25oExNgCC6,2009
63wsZUhUZLlh1OsyrZq7sz,2013
2FSkBDGsqZIxcsnKNgtMLx,2010
3e5UDAmMzMUM95PqjVHC4L,2010
71vcffc4Yfz0pt9AbaL386,2014
7wbSp6u3cGj5GTN0lNxZ4X,2020
0HL3y3bsKSARBSP0qaImwb,2020
1yZWcHtL0KMhKadWXG26SG,2015
4N1PJshrO7sHB468RoZQjL,2019
3NrUMv6TqphWgk2PdDdg4H,2020
42mkE3wbofBNickLHgdVlo,2020
4H7MpMZ4p3Cc06B11bcgL7,2007
7zCuUs0JXXPIH7GA8tWwii,2011
4A6GiKusHlmrtqCyKAyPg2,2014
45SbQo5bq8f0hNdB70IyFC,2021
1wflx5YklLYToaIbXkrZSq,2024
0RRZxVYjfY3jWT4XiYAW7k,2016
3m0jiOJfxIqGGsRKMOA2uQ,2020
0Bv0qHGKNiwzDtHzXrjmIn,2011
7z2DKGAsPPdxOwTzMaVYD4,2022
2XW4AAjfBQTzp7Oe1tU702,2014
7Afr3PKTtlFGHGiXYgnv6P,2013
5CijCh8uOTWZO9DQpYwAXw,2020
0voYwjeuMfvXlF76oesZKu,2020
2dS2710jYUM8gE2V1KC3uG,2016
6wVxhM5GJiZCro0xPWox6g,2018
2a0WwSvmFdXPTdDMilPA1y,2004
0vxlqUrmgsiyAWOHaAfnSK,2009
2K3jLUSLeHrPMA3nKvP1jT,2015
73Nw51XTNstlk3Wu1K26cB,2001
5QjuTblPokfD03fkfHUuVK,2025
2oLaalXlOgiJ70CaI992BA,2004
0rQ146AWbwiDC1DheKXJxm,2020
5ZUObJNpVt2l9GogUSfALc,2019
1jyddn36UN4tVsJGtaJfem,2009
73JI06Eznb1N22KHpo3HL7,2003
6339iq4yAm87arKgnNc922,2008
6mFsYlDjG2Esy5hXhNy78t,2013
3V0NxWbbUTa3BUAnchm11i,2022
5TIXBnwtMYwgC9yc1QjFp7,2019
6cYx8rBh13laBDAzvD7VrH,2016
4G8wt3fUBpgBjI35TBF2eQ,2008
1WSF2SjtfkV8LjTlF8uCZH,2017
6pTZ8Oy1xGKGCE4saVScoy,2021
4efRaNW2VgDf3pjbm8y4tr,2022
1YnLthg0HOs8YTzgN5hVh2,2023
5EndcDV7pcbLO4jE2GBZwC,2015
0MjXRAftpVBuNGYsNV1obJ,2016
1W5j84OLhShyEIJEwaLzaU,2023
3KAQ4xe2sR6IiltZw8HSA5,2015
60wxK3idlzc3lykP8cYZ2l,2020
2O7FC4XbIrJ6Ib8bsq0FYC,2014
1ytsxlw6P6gsCc3RrYweyj,2016
37bc0lXXN8Udi7IPwL58Hn,2017
5IGYPdHMSG4PLXDS9LDPJS,2006
53iFMaNUXn6Oj8hUIKSO5a,2017
27wq82gy6a868oA5HNLRGv,2017
2HUZVffVPXvqnrml0gXggp,2017
2AN3wNGUW0IgzfuurtVEDS,2009
7jIAttgQTpLDoNtykIQXjH,2009
5hhhrZMKz1NEZM7jRWufbf,2020
4zESVuAPxaC9bqQKjiWgH6,2019
7EcFRiCKqijYsuA5UbNnQZ,2020
5u2HaXFymnYNePtwI5bU3t,2022
4ISCO9MWDxOuteeVAm2ZWh,2019
6YOOCjjIb0pBZXbJjYgUlP,2019
0eyE0L7FbNrXaByFzMXT1C,2008
16x2V0ZWoXD7Rjo6bSAoEK,2012
0zANeX4R6uWb82gCQAguOD,2021
3BztDPhRhfwdwUndTlg45h,2020
6Fomnvc3pkLvUQYUkhiQPx,2016
4jK6bBO2JbkvvgT7FPj8c5,2015
4XlevPQOF6GkZCS2yWOkNn,2020
0OwoAzOM3ULaLoiYpC5axn,2012
2GbTLMvttdfKoz4YDjZJis,2022
4tK4ARuilOrBzwVQK73E0Y,2006
2E3ObBU2VIrTYOYh8tvi0x,2018
3BXMHdrjdF5yjJU4G0Z5HZ,2021
3x3zdepy3au5Uo81WIA9MG,2005
14UvqLsdqw2dsmVkmTYptE,2018
3XnDbrxxtA40HPIIRWLgRT,2019
56AecW9Anb0CY6HpgWvcg9,2013
2EkGF5wYi3QrxTMMQftm4a,2014
6VtoP2sJt5oCmPOQIve2sf,2012
2vOFdBs2kss9U0ezRGTG2E,2019
0pegFWSUOTiG0sLVEfxtvA,2012
6pRaRbJVkHyQdlW3MGvkgT,2017
2saK0E712wIB3Gf8QLuFYX,2020
1o0yFkUycTAWIIWFOlhDcV,2018
3d8kYb3GqZkiHb6annxKEo,2021
1HfxPaJggVwFsvOtHbVzMz,2010
0Bb9oRoN3suM9iiIwzHtmX,2020
5YRDGgdOshUPA17m7yzY7p,2025
203ADb8800e1YSzyrFQUZ9,2023
7lB0MLvvsfrY6cN6kt4aKC,2005
2dMkrhsWFVP2rHZmTEKkeh,2018
5mw8Zmzqx3VhxqokFAntGI,2017
4T8FoNHY3UZSYgOV76ueVU,2017
41XVcLXrmbxiV0mJASJxov,2011
2ZaYFNn1YQuLSVdHhanr4Q,2006
4qScDvgzJs0Oo30kFaJIuy,2020
6XgmRgd6yQ71afjGLrk0aI,2016
4pcnFf9w7Mxmir5woJoanj,2023
2lvcDndxZGuowLA19g4YDv,2023
